{"SiteA RMSE": 1128807727.8593187, "SiteB RMSE": 2484787615.5402966, "SiteC RMSE": 25936459.75449342, "SiteD RMSE": 8183503.121821545, "SiteE RMSE": 52947582.644412406, "SiteF RMSE": 124809.94446083612, "elapsed": 0.5612866878509521, "cj_stat": [0.38782114349870644, 0.16822475946096282, 0.07955192675010385, 0.04133011788808151, 0.026909160039143953, 0.005130858795360544], "timestamp": "12-07-2021, 00:36:54"}